{"id":"appsec-878","displayName":"Palo-Alto-Firewall-Demo","createdOn":1740538244,"lastModified":1741280805,"lastAccessed":1741280774,"tags":{"Application":"CyPerf","category":"CyPerf"},"type":"appsec","ownerId":"b8ca7716-9a7f-44d0-85d6-798c2a58784d","owner":"admin@example.org","readonly":false,"configUrl":"http://wap-appsec-resource-service.keysight-wap.svc.cluster.local./api/v2/resources/configs/appsec-878","configData":null,"application":"","encodedFiles":true,"linkedResources":[{"rel":"child","type":"child","method":"GET","name":"Secured_RSAdes3_cert_2048.pem","href":"http://wap-appsec-resource-service.keysight-wap.svc.cluster.local./api/v2/resources/tls-certificates/Secured_RSAdes3_cert_2048.pem/contentFile","contentType":"multipart/form-data","referencesCount":101},{"rel":"child","type":"child","method":"POST","name":"Secured_RSAdes3_cert_2048.pem","href":"http://wap-appsec-resource-service.keysight-wap.svc.cluster.local./api/v2/resources/tls-certificates","contentType":"multipart/form-data","referencesCount":101},{"rel":"child","type":"child","method":"GET","name":"Secured_RSAdes3_key_2048.pem","href":"http://wap-appsec-resource-service.keysight-wap.svc.cluster.local./api/v2/resources/tls-keys/Secured_RSAdes3_key_2048.pem/contentFile","contentType":"multipart/form-data","referencesCount":101},{"rel":"child","type":"child","method":"POST","name":"Secured_RSAdes3_key_2048.pem","href":"http://wap-appsec-resource-service.keysight-wap.svc.cluster.local./api/v2/resources/tls-keys","contentType":"multipart/form-data","referencesCount":101},{"rel":"child","type":"child","method":"GET","name":"configUrl","href":"http://wap-appsec-resource-service.keysight-wap.svc.cluster.local./api/v2/resources/configs/appsec-878","contentType":"application/json"}],"version":{"dataModelVersion":"1.0.14215-releasecyperf60","configServiceVersion":"1.0.14215-releasecyperf60"}}