{"id":"appsec-309","displayName":"Cloud Firewall Benchmarking","createdOn":1770740734,"lastModified":1770740734,"lastAccessed":1770740734,"tags":{"Application":"CyPerf","category":"CyPerf"},"type":"appsec","ownerId":"163ed27b-adbd-4255-8071-62114dfc7d5d","owner":"admin@example.org","readonly":false,"isPublic":false,"configUrl":"http://wap-appsec-resource-service.keysight-wap.svc.cluster.local./api/v2/resources/configs/appsec-309","configData":null,"application":"","encodedFiles":true,"linkedResources":[{"rel":"child","type":"child","method":"GET","name":"Secured_RSAdes3_cert_2048.pem","href":"http://wap-appsec-resource-service.keysight-wap.svc.cluster.local./api/v2/resources/tls-certificates/Secured_RSAdes3_cert_2048.pem/contentFile","contentType":"multipart/form-data","referencesCount":68},{"rel":"child","type":"child","method":"POST","name":"Secured_RSAdes3_cert_2048.pem","href":"http://wap-appsec-resource-service.keysight-wap.svc.cluster.local./api/v2/resources/tls-certificates","contentType":"multipart/form-data","referencesCount":68},{"rel":"child","type":"child","method":"GET","name":"Secured_RSAdes3_key_2048.pem","href":"http://wap-appsec-resource-service.keysight-wap.svc.cluster.local./api/v2/resources/tls-keys/Secured_RSAdes3_key_2048.pem/contentFile","contentType":"multipart/form-data","referencesCount":68},{"rel":"child","type":"child","method":"POST","name":"Secured_RSAdes3_key_2048.pem","href":"http://wap-appsec-resource-service.keysight-wap.svc.cluster.local./api/v2/resources/tls-keys","contentType":"multipart/form-data","referencesCount":68},{"rel":"child","type":"child","method":"GET","name":"configUrl","href":"http://wap-appsec-resource-service.keysight-wap.svc.cluster.local./api/v2/resources/configs/appsec-309","contentType":"application/json"}],"version":{"dataModelVersion":"1.0.14933-releasecyperf70","configServiceVersion":"1.0.14933-releasecyperf70"}}